referencia;numero_factura;valor;fecha_pago
TES-ABR-000001;FV-0475928;71592874;2026-03-03T22:46:00-05:00
TES-ABR-000002;FV-0379803;45163909;2026-03-06T22:21:00-05:00
TES-ABR-000003;FV-0213596;35944567;2026-03-14T21:06:00-05:00
TES-ABR-000004;FV-0493334;49539640;2026-03-07T14:02:00-05:00
TES-ABR-000005;FV-0126731;12662940;2026-03-04T16:56:00-05:00
TES-ABR-000006;FV-0096809;14818540;2026-03-12T08:38:00-05:00
TES-ABR-000007;FV-0008324;1570368;2026-03-14T19:32:00-05:00
TES-ABR-000008;FV-0298274;55271551;2026-03-05T09:18:00-05:00
TES-ABR-000009;FV-0185104;3841810;2026-03-12T12:45:00-05:00
TES-ABR-000010;FV-0462458;23113404;2026-03-13T08:37:00-05:00
TES-ABR-000011;FV-0478770;56588999;2026-03-05T22:57:00-05:00
TES-ABR-000012;FV-0415014;8439377;2026-03-08T16:15:00-05:00
TES-ABR-000013;FV-0378526;15917835;
TES-ABR-000014;FV-0418904;68436081;2026-03-06T20:02:00-05:00
TES-ABR-000015;FV-0074420;36060216;2026-03-09T22:26:00-05:00
TES-ABR-000016;FV-9714092;191320;2026-03-11T13:33:00-05:00
TES-ABR-000017;FV-0271538;54232371;2026-03-15T14:36:00-05:00
TES-ABR-000018;FV-0110451;31008716;2026-03-03T19:28:00-05:00
TES-ABR-000019;FV-0191383;40667230;2026-03-13T17:33:00-05:00
TES-ABR-000020;FV-0008521;28826465;2026-03-05T09:21:00-05:00
TES-ABR-000021;FV-0429419;54465894;2026-03-15T21:17:00-05:00
TES-ABR-000022;FV-0223280;28804425;2026-03-14T10:53:00-05:00
TES-ABR-000023;FV-0468062;17633637;2026-03-10T14:33:00-05:00
TES-ABR-000024;FV-0357743;49743486;2026-03-05T21:08:00-05:00
TES-ABR-000025;FV-0090363;51429543;2026-03-08T10:17:00-05:00
TES-ABR-000026;FV-0258336;79639688;2026-03-14T10:08:00-05:00
TES-ABR-000027;FV-0269389;43608192;2026-03-15T14:37:00-05:00
TES-ABR-000028;FV-0217081;36212781;2026-03-05T08:19:00-05:00
TES-ABR-000029;FV-0084723;56023925;2026-03-01T17:13:00-05:00
TES-ABR-000030;FV-0140747;8842344;2026-03-13T20:59:00-05:00
TES-ABR-000031;FV-0183899;12481418;2026-03-09T11:53:00-05:00
TES-ABR-000032;FV-0305892;40086499;2026-03-10T16:06:00-05:00
TES-ABR-000033;FV-0138113;24770808;2026-03-10T10:58:00-05:00
TES-ABR-000034;FV-0420214;21056382;2026-03-13T09:31:00-05:00
TES-ABR-000035;FV-0461428;21391506;2026-03-08T18:29:00-05:00
TES-ABR-000036;FV-0138377;6214196;2026-03-15T08:11:00-05:00
TES-ABR-000037;FV-0361160;71761935;2026-03-04T18:05:00-05:00
TES-ABR-000038;FV-0094646;13781759;2026-03-11T17:08:00-05:00
TES-ABR-000039;FV-0255623;3535381;2026-03-09T08:48:00-05:00
TES-ABR-000040;FV-0102524;36872025;2026-03-03T13:46:00-05:00
TES-ABR-000041;FV-0107296;7859325;2026-03-14T22:42:00-05:00
TES-ABR-000042;FV-0145990;17744368;2026-03-02T17:04:00-05:00
TES-ABR-000043;FV-0480601;27099086;2026-03-06T14:57:00-05:00
TES-ABR-000044;FV-0107984;33703207;2026-03-10T18:10:00-05:00
TES-ABR-000045;FV-0278594;53905981;2026-03-02T21:25:00-05:00
TES-ABR-000046;FV-0266399;14598240;2026-03-01T20:01:00-05:00
TES-ABR-000047;FV-0257021;28203443;2026-03-06T08:05:00-05:00
TES-ABR-000048;FV-0286706;8399724;
TES-ABR-000049;FV-9456935;695176;2026-03-12T13:51:00-05:00
TES-ABR-000050;FV-0347023;21042391;2026-03-10T19:14:00-05:00
TES-ABR-000051;FV-0224828;1995281;2026-03-04T22:43:00-05:00
TES-ABR-000052;FV-0220606;42132342;2026-03-01T21:43:00-05:00
TES-ABR-000053;FV-0217916;10780519;2026-03-07T14:02:00-05:00
TES-ABR-000054;FV-0331119;29779508;2026-03-10T14:39:00-05:00
TES-ABR-000055;FV-0436111;818540;2026-03-03T14:53:00-05:00
TES-ABR-000056;FV-0315406;58613695;2026-03-13T22:19:00-05:00
TES-ABR-000057;FV-0251747;26171385;2026-03-04T15:08:00-05:00
TES-ABR-000058;FV-9581950;129724;2026-03-07T16:37:00-05:00
TES-ABR-000059;FV-0380557;9878329;2026-03-03T15:14:00-05:00
TES-ABR-000060;FV-0449721;6953072;2026-03-06T17:39:00-05:00
TES-ABR-000061;FV-0075708;15831531;2026-03-14T10:47:00-05:00
TES-ABR-000062;FV-0132803;12158411;2026-03-07T17:11:00-05:00
TES-ABR-000063;FV-0346008;26688129;2026-03-04T15:24:00-05:00
TES-ABR-000064;FV-0228414;41615176;2026-03-04T12:23:00-05:00
TES-ABR-000065;FV-0282114;11088400;2026-03-05T14:39:00-05:00
TES-ABR-000066;FV-0151264;50200777;2026-03-02T12:04:00-05:00
TES-ABR-000067;FV-0097923;3250845;2026-03-03T10:02:00-05:00
TES-ABR-000068;FV-0418308;16380839;2026-03-11T10:07:00-05:00
TES-ABR-000069;FV-0369938;40811986;2026-03-02T14:00:00-05:00
TES-ABR-000070;FV-0198032;15686590;2026-03-09T08:41:00-05:00
TES-ABR-000071;FV-0422200;23985993;2026-03-01T21:49:00-05:00
TES-ABR-000072;FV-0194370;21480886;2026-03-11T17:25:00-05:00
TES-ABR-000073;FV-0279808;14642169;2026-03-02T09:59:00-05:00
TES-ABR-000074;FV-0215122;26928616;2026-03-05T14:03:00-05:00
TES-ABR-000075;FV-0174717;51893625;2026-03-06T13:16:00-05:00
TES-ABR-000076;FV-0211377;522797;2026-03-04T16:16:00-05:00
TES-ABR-000077;FV-0370259;24635082;2026-03-11T09:01:00-05:00
TES-ABR-000078;FV-0380602;6361819;2026-03-08T22:33:00-05:00
TES-ABR-000079;FV-0204276;781812;2026-03-05T14:05:00-05:00
TES-ABR-000080;FV-9423331;151060;2026-03-04T18:17:00-05:00
TES-ABR-000081;FV-0352089;9611290;2026-03-05T17:16:00-05:00
TES-ABR-000082;FV-0001909;28673980;2026-03-09T21:50:00-05:00
TES-ABR-000083;FV-0335090;16304186;2026-03-11T14:16:00-05:00
TES-ABR-000084;FV-0422758;36251021;
TES-ABR-000085;FV-0144856;52131183;2026-03-10T12:43:00-05:00
TES-ABR-000086;FV-0441705;10256736;2026-03-10T08:23:00-05:00
TES-ABR-000087;FV-0289130;32761088;2026-03-07T14:47:00-05:00
TES-ABR-000088;FV-0161816;66477063;2026-03-06T09:34:00-05:00
TES-ABR-000089;FV-0131059;10585443;2026-03-13T10:53:00-05:00
TES-ABR-000090;FV-0101302;33412287;2026-03-02T15:38:00-05:00
TES-ABR-000091;FV-0297863;19751564;2026-03-12T10:34:00-05:00
TES-ABR-000092;FV-0140270;11601799;2026-03-09T19:41:00-05:00
TES-ABR-000093;FV-0300936;20541074;2026-03-14T10:39:00-05:00
TES-ABR-000094;FV-0016434;6585584;2026-03-09T09:12:00-05:00
TES-ABR-000095;FV-0344138;21820203;2026-03-06T19:57:00-05:00
TES-ABR-000096;FV-0452153;46328778;2026-03-03T22:29:00-05:00
TES-ABR-000097;FV-0495179;39877004;2026-03-14T14:44:00-05:00
TES-ABR-000098;FV-0223437;40335738;2026-03-01T22:29:00-05:00
TES-ABR-000099;FV-0417313;31117284;2026-03-06T13:25:00-05:00
TES-ABR-000100;FV-0326693;40387380;2026-03-02T10:53:00-05:00
